task_id,unique_id,model_created,dataset,model_run,code,fail_reason,type_of_run
1946_C,1946_C_arkadius_100%,human,codeforces2024,llama-v3p1-70b-instruct,"import sys
 
class TreeNode:
 
    def __init__(self):
        self.edges = []
        self.children = []
        self.subtree_size = 1
        self.parent = None
    
    def __str__(self):
        return f""(edges: {self.edges}, children: {self.children}, subtree_size: {self.subtree_size}, parent: {self.parent})\n""
    
    def __repr__(self):
        return self.__str__()
 
class Tree:
 
    def __init__(self, n):
        self.vertices = [TreeNode() for _ in range(n)]
 
    def add_edge(self, u: int, v: int) -> None:
        self.vertices[u].edges.append(v)
        self.vertices[v].edges.append(u)
 
    def root_tree(self, v: int, root: int) -> None:
        self.vertices[v].parent = root
        for u in self.vertices[v].edges:
            if u != root:
                self.vertices[v].children.append(u)
                self.root_tree(u, v)
                self.vertices[v].subtree_size += self.vertices[u].subtree_size
    
    def root_tree_non_recursive(self, v: int, root: int) -> None:
        stack = [(v, root)]
        while stack:
            (v, root) = stack.pop()
            self.vertices[v].parent = root
            for u in self.vertices[v].edges:
                if u != root:
                    self.vertices[v].children.append(u)
                    stack.append((u, v))
                    self.vertices[v].subtree_size += self.vertices[u].subtree_size
 
    def __str__(self):
        return str(self.vertices)
 
def check_x_dfs(tree: Tree, s: int, x: int) -> (int, int):
    stack = [(s, False)]
    good_components = {}
    remaining_size = {}
    while stack:
        (v, postorder) = stack.pop()
        if not postorder:
            stack.append((v, True))
            good_components[v] = 0
            remaining_size[v] = 1
            for u in tree.vertices[v].children:
                stack.append((u, False))
        elif postorder:         
            for u in tree.vertices[v].children:
                good_components[v] += good_components[u]
                if remaining_size[u] >= x:
                    good_components[v] += 1
                else:
                    remaining_size[v] += remaining_size[u]
            # print(v, tree.vertices[v].good_components, tree.vertices[v].remaining_size)
    return (good_components[s], remaining_size[s])
 
def check_x_dfs_recursive(tree: Tree, v: int, x: int) -> (int, int):
    good_components = 0
    remaining_size = 1
 
    for u in tree.vertices[v].children:
        (good_components_subtree, remaining_size_subtree) = check_x_dfs_recursive(tree, u, x)
        good_components += good_components_subtree
        if remaining_size_subtree >= x:
            good_components += 1
        else:
            remaining_size += remaining_size_subtree
    print(v, good_components, remaining_size)
    return (good_components, remaining_size)
 
 
def check_x(tree: Tree, n: int, k: int, x: int) -> bool:
    # print(""checking "", x)
    (good_components, remaining_size) = check_x_dfs(tree, 0, x)
    if good_components > k:
        return True
    if good_components == k and remaining_size >= x:
        return True
    return False
 
def find_x(tree: Tree, n: int, k: int) -> int:
    beg = 1
    end = n
    while beg < end:
        mid = (beg + end + 1) // 2
        if check_x(tree, n, k, mid):
            beg = mid
        else:
            end = mid - 1
    return beg
 
def solve_case():
    [n, k] = map(int, input().split())
    tree = Tree(n)
    for i in range(1, n):
        [u, v] = map(int, input().split())
        tree.add_edge(u-1, v-1)
    tree.root_tree_non_recursive(0, -1)
    print(find_x(tree, n, k))
 
if __name__ == '__main__':
    sys.setrecursionlimit(int(1e5)*2)
    t = int(input())
    while t > 0:
        t -= 1
        solve_case()",Error: failed to parse entailment checking response,hoareprompt
1921_A,1921_A__essam_sami__100%,human,codeforces2024,llama-v3p1-70b-instruct,"import math
t = int(input())
for steps in range(t):
    a,b= map(int,input().split())
    c,d= map(int,input().split())
    e,f= map(int,input().split())
    g,h= map(int,input().split())
    n = (a-c)*(a-c)+(b-d)*(b-d)
    x = (a-e)*(a-e)+(b-f)*(b-f)
    if x>n:
        print(n)
    else:
        print(x)",Error: failed to parse entailment checking response,hoareprompt
1931_D,1931_D_waleed.farrakh_0.00%,human,codeforces2024,llama-v3p1-70b-instruct,"def count_beautiful_pairs(test_cases):
    results = []
 
    for n, x, y, arr in test_cases:
        count = 0
        mod_x = {}
        mod_y = {}
 
        for num in arr:
            # Remainders needed for conditions
            rem_x = (-num) % x
            rem_y = (num % y)
 
            # Count valid pairs based on previously seen elements
            count += mod_x.get(rem_x, 0) and mod_y.get(rem_y, 0)
 
            # Update the dictionaries
            mod_x[num % x] = mod_x.get(num % x, 0) + 1
            mod_y[num % y] = mod_y.get(num % y, 0) + 1
 
        results.append(count)
 
    return results
 
 
# Input and output handling
def main():
    import sys
    input = sys.stdin.read
    data = input().splitlines()
 
    t = int(data[0])
    test_cases = []
    idx = 1
 
    for _ in range(t):
        n, x, y = map(int, data[idx].split())
        arr = list(map(int, data[idx + 1].split()))
        test_cases.append((n, x, y, arr))
        idx += 2
 
    results = count_beautiful_pairs(test_cases)
 
    for result in results:
        print(result)
 
 
if __name__ == ""__main__"":
    main()",Error: failed to parse entailment checking response,hoareprompt
